name,value,year,lastValue,rank
Australia,29.07153729,2014.08,31.0694374,13
Australia,28.67310625,2014.15,29.07153729,15
Australia,27.98982188,2014.23,28.67310625,15
Australia,28.08358818,2014.31,27.98982188,14
Australia,28.61522739,2014.38,28.08358818,10
Australia,28.54946181,2014.46,28.61522739,10
Australia,28.76219825,2014.54,28.54946181,10
Australia,29.98454405,2014.62,28.76219825,8
Australia,27.35703246,2014.69,29.98454405,11
Australia,26.3510036,2014.77,27.35703246,12
Australia,26.97841727,2014.85,26.3510036,13
Australia,27.39866598,2014.92,26.97841727,14
Australia,28.31541219,2015.08,27.39866598,12
Australia,28.7244898,2015.15,28.31541219,11
Australia,28.20121951,2015.23,28.7244898,12
Australia,28.54251012,2015.31,28.20121951,11
Australia,28.1470292,2015.38,28.54251012,12
Australia,27.91395698,2015.46,28.1470292,12
Australia,27.79711586,2015.54,27.91395698,12
Australia,27.64067127,2015.62,27.79711586,12
Australia,26.81017613,2015.69,27.64067127,12
Australia,27.25509214,2015.77,26.81017613,11
Australia,26.64426308,2015.85,27.25509214,11
Australia,26.53061224,2015.92,26.64426308,11
Australia,26.11940299,2016.08,26.53061224,13
Australia,25.96330275,2016.15,26.11940299,14
Australia,27.30144404,2016.23,25.96330275,12
Australia,27.44227353,2016.31,27.30144404,12
Australia,26.72489083,2016.38,27.44227353,14
Australia,27.30785745,2016.46,26.72489083,12
Australia,27.92262405,2016.54,27.30785745,12
Australia,27.55354201,2016.62,27.92262405,12
Australia,28.16161616,2016.69,27.55354201,11
Australia,27.59714512,2016.77,28.16161616,12
Australia,27.48151032,2016.85,27.59714512,13
Australia,26.94954128,2016.92,27.48151032,13
Australia,27.34138973,2017.08,26.94954128,10
Australia,27.09966405,2017.15,27.34138973,10
Australia,26.36632201,2017.23,27.09966405,11
Australia,25.71219869,2017.31,26.36632201,11
Australia,25.75867052,2017.38,25.71219869,12
Australia,25.03576538,2017.46,25.75867052,11
Australia,25.0533049,2017.54,25.03576538,11
Australia,24.77907388,2017.62,25.0533049,13
Australia,24.82419128,2017.69,24.77907388,12
Australia,24.83385799,2017.77,24.82419128,13
Australia,24.83455242,2017.85,24.83385799,13
Australia,25.50312283,2017.92,24.83455242,13
Australia,24.97409326,2018.08,25.50312283,13
Australia,24.81952561,2018.15,24.97409326,13
Australia,25.13679891,2018.23,24.81952561,14
Australia,25.03401361,2018.31,25.13679891,13
Australia,25.18593644,2018.38,25.03401361,14
Australia,25.86496473,2018.46,25.18593644,14
Australia,24.99168053,2018.54,25.86496473,14
Australia,25.04943968,2018.62,24.99168053,13
Australia,25.4978779,2018.69,25.04943968,13
Australia,26.05177994,2018.77,25.4978779,11
Australia,26.07440667,2018.85,26.05177994,11
Australia,26.32750397,2018.92,26.07440667,12
Australia,26.99715819,2019.08,26.32750397,12
Australia,27.21003135,2019.15,26.99715819,12
Australia,27.30386052,2019.23,27.21003135,13
Australia,27.22772277,2019.31,27.30386052,13
Australia,27.01538462,2019.38,27.22772277,12
Bangladesh,0,2015.54,NULL,17
Bangladesh,0,2015.62,0,17
Bangladesh,0,2015.69,0,17
Bangladesh,0,2015.77,0,17
Bangladesh,0,2015.85,0,17
Bangladesh,0,2015.92,0,17
Bangladesh,0,2016.08,0,17
Bangladesh,0,2016.15,0,17
Bangladesh,0,2016.23,0,17
Bangladesh,0,2016.31,0,17
Bangladesh,0,2016.38,0,17
Bangladesh,0,2016.46,0,17
Bangladesh,0,2016.54,0,17
Bangladesh,0,2016.62,0,17
Bangladesh,0,2016.69,0,17
Bangladesh,0,2016.77,0,17
Bangladesh,6.666666667,2016.85,0,17
Bangladesh,6.25,2016.92,6.666666667,17
Bangladesh,6.25,2017.08,6.25,17
Bangladesh,5.882352941,2017.15,6.25,17
Bangladesh,5.882352941,2017.23,5.882352941,17
Bangladesh,11.11111111,2017.31,5.882352941,17
Bangladesh,11.11111111,2017.38,11.11111111,17
Bangladesh,10.52631579,2017.46,11.11111111,17
Bangladesh,15.78947368,2017.54,10.52631579,16
Bangladesh,15.78947368,2017.62,15.78947368,15
Bangladesh,21.05263158,2017.69,15.78947368,14
Bangladesh,22.22222222,2017.77,21.05263158,14
Bangladesh,16.66666667,2017.85,22.22222222,16
Bangladesh,16.66666667,2017.92,16.66666667,16
Bangladesh,16.66666667,2018.08,16.66666667,16
Bangladesh,16.66666667,2018.15,16.66666667,16
Bangladesh,16.66666667,2018.23,16.66666667,16
Bangladesh,11.11111111,2018.31,16.66666667,17
Bangladesh,10.52631579,2018.38,11.11111111,17
Bangladesh,10.52631579,2018.46,10.52631579,17
Bangladesh,5.263157895,2018.54,10.52631579,17
Bangladesh,5.263157895,2018.62,5.263157895,17
Bangladesh,0,2018.69,5.263157895,17
Bangladesh,5,2018.77,0,17
Bangladesh,10,2018.85,5,17
Bangladesh,10,2018.92,10,17
Bangladesh,10,2019.08,10,17
Bangladesh,15,2019.15,10,17
Bangladesh,15.78947368,2019.23,15,17
Bangladesh,15.78947368,2019.31,15.78947368,17
Bangladesh,26.31578947,2019.38,15.78947368,14
China (Mainland),29.29623568,2014.08,28.49834983,12
China (Mainland),29.11864957,2014.15,29.29623568,13
China (Mainland),28.66570095,2014.23,29.11864957,14
China (Mainland),28.78812071,2014.31,28.66570095,13
China (Mainland),29.11192022,2014.38,28.78812071,8
China (Mainland),28.87390213,2014.46,29.11192022,9
China (Mainland),29.41085271,2014.54,28.87390213,9
China (Mainland),29.63076452,2014.62,29.41085271,10
China (Mainland),29.55508475,2014.69,29.63076452,8
China (Mainland),29.55429255,2014.77,29.55508475,9
China (Mainland),29.77087953,2014.85,29.55429255,10
China (Mainland),29.5971979,2014.92,29.77087953,11
China (Mainland),28.68876081,2015.08,29.5971979,11
China (Mainland),28.50633632,2015.15,28.68876081,12
China (Mainland),27.82853127,2015.23,28.50633632,13
China (Mainland),27.93404462,2015.31,27.82853127,12
China (Mainland),28.19039803,2015.38,27.93404462,11
China (Mainland),29.22183194,2015.46,28.19039803,11
China (Mainland),29.01201602,2015.54,29.22183194,10
China (Mainland),29.42495384,2015.62,29.01201602,10
China (Mainland),29.97133177,2015.69,29.42495384,10
China (Mainland),30.06561173,2015.77,29.97133177,9
China (Mainland),29.64747654,2015.85,30.06561173,10
China (Mainland),30.4152076,2015.92,29.64747654,8
China (Mainland),31.0046902,2016.08,30.4152076,7
China (Mainland),32.19595418,2016.15,31.0046902,7
China (Mainland),33.22910403,2016.23,32.19595418,7
China (Mainland),34.60944002,2016.31,33.22910403,6
China (Mainland),34.1789993,2016.38,34.60944002,6
China (Mainland),33.85470977,2016.46,34.1789993,5
China (Mainland),34.01166114,2016.54,33.85470977,6
China (Mainland),33.82933153,2016.62,34.01166114,6
China (Mainland),33.8668445,2016.69,33.82933153,6
China (Mainland),33.88157895,2016.77,33.8668445,6
China (Mainland),34.26808142,2016.85,33.88157895,6
China (Mainland),34.08532022,2016.92,34.26808142,6
China (Mainland),34.13552882,2017.08,34.08532022,5
China (Mainland),34.14557951,2017.15,34.13552882,4
China (Mainland),35.03034043,2017.23,34.14557951,4
China (Mainland),35.00558546,2017.31,35.03034043,4
China (Mainland),35.75873143,2017.38,35.00558546,4
China (Mainland),36.28511863,2017.46,35.75873143,4
China (Mainland),37.61070655,2017.54,36.28511863,5
China (Mainland),38.58398438,2017.62,37.61070655,4
China (Mainland),39.28848391,2017.69,38.58398438,3
China (Mainland),39.22285275,2017.77,39.28848391,4
China (Mainland),40.91387057,2017.85,39.22285275,3
China (Mainland),40.93889575,2017.92,40.91387057,3
China (Mainland),41.27599244,2018.08,40.93889575,3
China (Mainland),41.01091867,2018.15,41.27599244,3
China (Mainland),41.17426374,2018.23,41.01091867,3
China (Mainland),41.32324082,2018.31,41.17426374,3
China (Mainland),40.91374337,2018.38,41.32324082,4
China (Mainland),40.97859327,2018.46,40.91374337,4
China (Mainland),40.32823161,2018.54,40.97859327,4
China (Mainland),40.40737682,2018.62,40.32823161,5
China (Mainland),39.61661342,2018.69,40.40737682,5
China (Mainland),39.60566963,2018.77,39.61661342,4
China (Mainland),37.72032902,2018.85,39.60566963,5
China (Mainland),38.94793731,2018.92,37.72032902,4
China (Mainland),37.78735632,2019.08,38.94793731,4
China (Mainland),37.81678159,2019.15,37.78735632,5
China (Mainland),37.84362728,2019.23,37.81678159,4
China (Mainland),36.91842363,2019.31,37.84362728,4
China (Mainland),35.94429167,2019.38,36.91842363,3
Hong Kong SAR-China,42.9554743,2014.08,42.67737036,3
Hong Kong SAR-China,43.34754797,2014.15,42.9554743,3
Hong Kong SAR-China,42.82397636,2014.23,43.34754797,3
Hong Kong SAR-China,42.75876461,2014.31,42.82397636,2
Hong Kong SAR-China,44.69931804,2014.38,42.75876461,1
Hong Kong SAR-China,45.14940647,2014.46,44.69931804,1
Hong Kong SAR-China,45.92893401,2014.54,45.14940647,1
Hong Kong SAR-China,46.04866278,2014.62,45.92893401,2
Hong Kong SAR-China,45.52327895,2014.69,46.04866278,1
Hong Kong SAR-China,46.20689655,2014.77,45.52327895,1
Hong Kong SAR-China,46.56652361,2014.85,46.20689655,1
Hong Kong SAR-China,47.39080015,2014.92,46.56652361,1
Hong Kong SAR-China,48.30427285,2015.08,47.39080015,1
Hong Kong SAR-China,47.16945289,2015.15,48.30427285,1
Hong Kong SAR-China,47.5570647,2015.23,47.16945289,1
Hong Kong SAR-China,48.13425839,2015.31,47.5570647,1
Hong Kong SAR-China,47.29780097,2015.38,48.13425839,1
Hong Kong SAR-China,46.91723755,2015.46,47.29780097,2
Hong Kong SAR-China,47.353914,2015.54,46.91723755,2
Hong Kong SAR-China,46.69708029,2015.62,47.353914,4
Hong Kong SAR-China,47.16434137,2015.69,46.69708029,4
Hong Kong SAR-China,47.34569012,2015.77,47.16434137,3
Hong Kong SAR-China,46.61425764,2015.85,47.34569012,3
Hong Kong SAR-China,45.17271922,2015.92,46.61425764,3
Hong Kong SAR-China,43.96702911,2016.08,45.17271922,3
Hong Kong SAR-China,44.29017702,2016.15,43.96702911,3
Hong Kong SAR-China,43.79712132,2016.23,44.29017702,3
Hong Kong SAR-China,43.92302498,2016.31,43.79712132,3
Hong Kong SAR-China,43.08280678,2016.38,43.92302498,3
Hong Kong SAR-China,42.69331586,2016.46,43.08280678,2
Hong Kong SAR-China,43.54159922,2016.54,42.69331586,2
Hong Kong SAR-China,43.70299248,2016.62,43.54159922,2
Hong Kong SAR-China,43.27790974,2016.69,43.70299248,2
Hong Kong SAR-China,42.38057948,2016.77,43.27790974,2
Hong Kong SAR-China,42.25526642,2016.85,42.38057948,2
Hong Kong SAR-China,42.2835249,2016.92,42.25526642,2
Hong Kong SAR-China,41.39344262,2017.08,42.2835249,3
Hong Kong SAR-China,41.59651233,2017.15,41.39344262,2
Hong Kong SAR-China,42.30080573,2017.23,41.59651233,2
Hong Kong SAR-China,41.38851802,2017.31,42.30080573,3
Hong Kong SAR-China,41.28575641,2017.38,41.38851802,2
Hong Kong SAR-China,41.7949846,2017.46,41.28575641,3
Hong Kong SAR-China,39.73780044,2017.54,41.7949846,3
Hong Kong SAR-China,39.15558126,2017.62,39.73780044,3
Hong Kong SAR-China,39.20470858,2017.69,39.15558126,4
Hong Kong SAR-China,39.42115768,2017.77,39.20470858,3
Hong Kong SAR-China,39.52367451,2017.85,39.42115768,4
Hong Kong SAR-China,39.28621808,2017.92,39.52367451,4
Hong Kong SAR-China,39.42752911,2018.08,39.28621808,4
Hong Kong SAR-China,38.22749477,2018.15,39.42752911,4
Hong Kong SAR-China,38.42734093,2018.23,38.22749477,5
Hong Kong SAR-China,39.197787,2018.31,38.42734093,5
Hong Kong SAR-China,39.30882555,2018.38,39.197787,5
Hong Kong SAR-China,39.38895739,2018.46,39.30882555,5
Hong Kong SAR-China,40.28610354,2018.54,39.38895739,5
Hong Kong SAR-China,41.41578519,2018.62,40.28610354,4
Hong Kong SAR-China,41.04397087,2018.69,41.41578519,4
Hong Kong SAR-China,39.35129339,2018.77,41.04397087,5
Hong Kong SAR-China,37.86265637,2018.85,39.35129339,4
Hong Kong SAR-China,36.81013995,2018.92,37.86265637,6
Hong Kong SAR-China,35.6899712,2019.08,36.81013995,6
Hong Kong SAR-China,35.39340431,2019.15,35.6899712,7
Hong Kong SAR-China,31.79250128,2019.23,35.39340431,8
Hong Kong SAR-China,29.00443881,2019.31,31.79250128,9
Hong Kong SAR-China,26.75191175,2019.38,29.00443881,13
India,32.74322169,2014.08,32.91835085,8
India,32.58851298,2014.15,32.74322169,6
India,32.67111594,2014.23,32.58851298,8
India,31.68635875,2014.31,32.67111594,8
India,30.2897012,2014.38,31.68635875,7
India,30.04497751,2014.46,30.2897012,8
India,29.96143578,2014.54,30.04497751,8
India,29.83279554,2014.62,29.96143578,9
India,29.04347826,2014.69,29.83279554,9
India,29.17204764,2014.77,29.04347826,10
India,28.88857265,2014.85,29.17204764,11
India,31.13501274,2014.92,28.88857265,9
India,30.92290377,2015.08,31.13501274,9
India,30.55633212,2015.15,30.92290377,10
India,31.18488679,2015.23,30.55633212,8
India,30.96222774,2015.31,31.18488679,8
India,31.76100629,2015.38,30.96222774,9
India,31.62671001,2015.46,31.76100629,8
India,31.68834652,2015.54,31.62671001,9
India,32.15139442,2015.62,31.68834652,8
India,32.33824303,2015.69,32.15139442,9
India,32.15773035,2015.77,32.33824303,8
India,32.17413704,2015.85,32.15773035,8
India,29.56654379,2015.92,32.17413704,9
India,29.41397917,2016.08,29.56654379,9
India,29.30094199,2016.15,29.41397917,9
India,28.30234834,2016.23,29.30094199,10
India,28.77871826,2016.31,28.30234834,10
India,28.48426845,2016.38,28.77871826,9
India,28.17901965,2016.46,28.48426845,10
India,28.58986391,2016.54,28.17901965,10
India,28.1929111,2016.62,28.58986391,9
India,28.59119207,2016.69,28.1929111,10
India,28.61556064,2016.77,28.59119207,10
India,29.8317417,2016.85,28.61556064,8
India,30.4647744,2016.92,29.8317417,8
India,30.02696023,2017.08,30.4647744,8
India,29.74902398,2017.15,30.02696023,8
India,30.10418976,2017.23,29.74902398,6
India,31.45472593,2017.31,30.10418976,6
India,31.08063631,2017.38,31.45472593,7
India,31.19676785,2017.46,31.08063631,7
India,30.9272747,2017.54,31.19676785,8
India,31.04008667,2017.62,30.9272747,7
India,30.83900227,2017.69,31.04008667,8
India,31.01926596,2017.77,30.83900227,9
India,29.70106075,2017.85,31.01926596,9
India,29.16711102,2017.92,29.70106075,8
India,29.23125929,2018.08,29.16711102,8
India,29.379427,2018.15,29.23125929,7
India,28.94570707,2018.23,29.379427,8
India,27.52379956,2018.31,28.94570707,11
India,27.56363636,2018.38,27.52379956,11
India,28.201424,2018.46,27.56363636,11
India,27.35182721,2018.54,28.201424,12
India,26.62745893,2018.62,27.35182721,11
India,26.20959647,2018.69,26.62745893,11
India,25.88948519,2018.77,26.20959647,12
India,26.03183962,2018.85,25.88948519,12
India,26.86697783,2018.92,26.03183962,11
India,27.41811175,2019.08,26.86697783,11
India,27.52267303,2019.15,27.41811175,11
India,28.57819456,2019.23,27.52267303,11
India,28.31783601,2019.31,28.57819456,11
India,28.17622951,2019.38,28.31783601,9
Indonesia,32.04747774,2014.08,33.03303303,9
Indonesia,29.61876833,2014.15,32.04747774,11
Indonesia,29.19075145,2014.23,29.61876833,11
Indonesia,28.85714286,2014.31,29.19075145,12
Indonesia,27.47875354,2014.38,28.85714286,13
Indonesia,26.8907563,2014.46,27.47875354,12
Indonesia,25.76177285,2014.54,26.8907563,13
Indonesia,25.95628415,2014.62,25.76177285,11
Indonesia,24.79784367,2014.69,25.95628415,13
Indonesia,27.5862069,2014.77,24.79784367,11
Indonesia,29.84293194,2014.85,27.5862069,9
Indonesia,30.23255814,2014.92,29.84293194,10
Indonesia,30.6122449,2015.08,30.23255814,10
Indonesia,30.73047859,2015.15,30.6122449,9
Indonesia,30.92269327,2015.23,30.73047859,9
Indonesia,29.23832924,2015.31,30.92269327,10
Indonesia,30.09708738,2015.38,29.23832924,10
Indonesia,31.33971292,2015.46,30.09708738,9
Indonesia,32.38770686,2015.54,31.33971292,8
Indonesia,29.37062937,2015.62,32.38770686,11
Indonesia,29.33025404,2015.69,29.37062937,11
Indonesia,27.06422018,2015.77,29.33025404,12
Indonesia,26.59090909,2015.85,27.06422018,12
Indonesia,26.01809955,2015.92,26.59090909,12
Indonesia,26.29213483,2016.08,26.01809955,12
Indonesia,26.72605791,2016.15,26.29213483,13
Indonesia,26.49006623,2016.23,26.72605791,13
Indonesia,27.07423581,2016.31,26.49006623,13
Indonesia,26.83982684,2016.38,27.07423581,13
Indonesia,25.05353319,2016.46,26.83982684,14
Indonesia,24.36440678,2016.54,25.05353319,14
Indonesia,24.375,2016.62,24.36440678,13
Indonesia,25.0513347,2016.69,24.375,13
Indonesia,24.19354839,2016.77,25.0513347,14
Indonesia,23.41269841,2016.85,24.19354839,14
Indonesia,27.59295499,2016.92,23.41269841,11
Indonesia,30.87378641,2017.08,27.59295499,6
Indonesia,30.44315992,2017.15,30.87378641,7
Indonesia,29.50191571,2017.23,30.44315992,8
Indonesia,29.19847328,2017.31,29.50191571,8
Indonesia,28.27324478,2017.38,29.19847328,9
Indonesia,28.16635161,2017.46,28.27324478,9
Indonesia,28.24858757,2017.54,28.16635161,9
Indonesia,28.86792453,2017.62,28.24858757,9
Indonesia,30.62381853,2017.69,28.86792453,9
Indonesia,31.49905123,2017.77,30.62381853,8
Indonesia,30.66666667,2017.85,31.49905123,8
Indonesia,27.42857143,2017.92,30.66666667,10
Indonesia,23.76425856,2018.08,27.42857143,14
Indonesia,24.7148289,2018.15,23.76425856,14
Indonesia,27.04761905,2018.23,24.7148289,12
Indonesia,28.48948375,2018.31,27.04761905,9
Indonesia,31.59922929,2018.38,28.48948375,9
Indonesia,33.39805825,2018.46,31.59922929,8
Indonesia,32.6171875,2018.54,33.39805825,8
Indonesia,33.07086614,2018.62,32.6171875,8
Indonesia,32.27722772,2018.69,33.07086614,8
Indonesia,33.93213573,2018.77,32.27722772,8
Indonesia,34.60764588,2018.85,33.93213573,7
Indonesia,36.51115619,2018.92,34.60764588,7
Indonesia,37.98767967,2019.08,36.51115619,3
Indonesia,36.17463617,2019.15,37.98767967,6
Indonesia,34.59119497,2019.23,36.17463617,6
Indonesia,33.05084746,2019.31,34.59119497,6
Indonesia,30.12820513,2019.38,33.05084746,8
Japan,25.64516129,2014.08,26.8921095,16
Japan,25.04038772,2014.15,25.64516129,16
Japan,24.67532468,2014.23,25.04038772,16
Japan,21.71799028,2014.31,24.67532468,16
Japan,22.36628849,2014.38,21.71799028,16
Japan,22.00647249,2014.46,22.36628849,16
Japan,20.84006462,2014.54,22.00647249,16
Japan,20.28985507,2014.62,20.84006462,16
Japan,20.2247191,2014.69,20.28985507,16
Japan,20.92651757,2014.77,20.2247191,16
Japan,19.20634921,2014.85,20.92651757,16
Japan,19.27330174,2014.92,19.20634921,16
Japan,19.1522763,2015.08,19.27330174,16
Japan,18.05555556,2015.15,19.1522763,16
Japan,17.42424242,2015.23,18.05555556,16
Japan,25.89820359,2015.31,17.42424242,13
Japan,25.14792899,2015.38,25.89820359,14
Japan,24.96350365,2015.46,25.14792899,14
Japan,24.06340058,2015.54,24.96350365,15
Japan,23.32859175,2015.62,24.06340058,15
Japan,22.78481013,2015.69,23.32859175,16
Japan,21.91400832,2015.77,22.78481013,16
Japan,21.47742818,2015.85,21.91400832,16
Japan,20.78272605,2015.92,21.47742818,16
Japan,21.0106383,2016.08,20.78272605,16
Japan,20.76719577,2016.15,21.0106383,16
Japan,20.60367454,2016.23,20.76719577,16
Japan,13.32470893,2016.31,20.60367454,16
Japan,13.79310345,2016.38,13.32470893,16
Japan,13.36696091,2016.46,13.79310345,16
Japan,13.55721393,2016.54,13.36696091,16
Japan,13.25153374,2016.62,13.55721393,16
Japan,12.57557437,2016.69,13.25153374,16
Japan,12.39570918,2016.77,12.57557437,16
Japan,12.58823529,2016.85,12.39570918,16
Japan,12.90697674,2016.92,12.58823529,16
Japan,12.3853211,2017.08,12.90697674,16
Japan,12.81179138,2017.15,12.3853211,16
Japan,13.61079865,2017.23,12.81179138,16
Japan,13.47438753,2017.31,13.61079865,16
Japan,13.57615894,2017.38,13.47438753,16
Japan,13.89496718,2017.46,13.57615894,16
Japan,13.23210412,2017.54,13.89496718,17
Japan,13.21160043,2017.62,13.23210412,17
Japan,12.9787234,2017.69,13.21160043,17
Japan,13.27713383,2017.77,12.9787234,17
Japan,13.46555324,2017.85,13.27713383,17
Japan,14.18219462,2017.92,13.46555324,17
Japan,15.21068859,2018.08,14.18219462,17
Japan,14.88277268,2018.15,15.21068859,17
Japan,15.35353535,2018.23,14.88277268,17
Japan,15.13026052,2018.31,15.35353535,16
Japan,15.72139303,2018.38,15.13026052,16
Japan,15.59723593,2018.46,15.72139303,16
Japan,16.17647059,2018.54,15.59723593,16
Japan,17.26829268,2018.62,16.17647059,16
Japan,18.75607386,2018.69,17.26829268,16
Japan,18.97386254,2018.77,18.75607386,16
Japan,18.62934363,2018.85,18.97386254,16
Japan,19.55684008,2018.92,18.62934363,16
Japan,18.26923077,2019.08,19.55684008,16
Japan,18.63592699,2019.15,18.26923077,16
Japan,18.04222649,2019.23,18.63592699,16
Japan,17.14559387,2019.31,18.04222649,16
Japan,16.42788921,2019.38,17.14559387,17
Republic of Korea,31.66666667,2014.08,31.66666667,10
Republic of Korea,32.5,2014.15,31.66666667,7
Republic of Korea,33.33333333,2014.23,32.5,7
Republic of Korea,34.7107438,2014.31,33.33333333,5
Republic of Korea,26.44628099,2014.38,34.7107438,15
Republic of Korea,27.86885246,2014.46,26.44628099,11
Republic of Korea,26.82926829,2014.54,27.86885246,11
Republic of Korea,25.3968254,2014.62,26.82926829,13
Republic of Korea,22.65625,2014.69,25.3968254,14
Republic of Korea,22.30769231,2014.77,22.65625,15
Republic of Korea,22.72727273,2014.85,22.30769231,15
Republic of Korea,24.62686567,2014.92,22.72727273,15
Republic of Korea,20.4379562,2015.08,24.62686567,15
Republic of Korea,20.14388489,2015.15,20.4379562,15
Republic of Korea,22.69503546,2015.23,20.14388489,15
Republic of Korea,20.97902098,2015.31,22.69503546,16
Republic of Korea,19.8630137,2015.38,20.97902098,16
Republic of Korea,21.62162162,2015.46,19.8630137,16
Republic of Korea,22.66666667,2015.54,21.62162162,16
Republic of Korea,21.05263158,2015.62,22.66666667,16
Republic of Korea,23.52941176,2015.69,21.05263158,15
Republic of Korea,26.4516129,2015.77,23.52941176,13
Republic of Korea,23.56687898,2015.85,26.4516129,14
Republic of Korea,23.27044025,2015.92,23.56687898,14
Republic of Korea,25.625,2016.08,23.27044025,14
Republic of Korea,28.57142857,2016.15,25.625,11
Republic of Korea,25.76687117,2016.23,28.57142857,14
Republic of Korea,26.82926829,2016.31,25.76687117,14
Republic of Korea,25.45454545,2016.38,26.82926829,15
Republic of Korea,22.75449102,2016.46,25.45454545,15
Republic of Korea,22.02380952,2016.54,22.75449102,15
Republic of Korea,22.35294118,2016.62,22.02380952,14
Republic of Korea,21.6374269,2016.69,22.35294118,15
Republic of Korea,19.07514451,2016.77,21.6374269,15
Republic of Korea,21.14285714,2016.85,19.07514451,15
Republic of Korea,22.15909091,2016.92,21.14285714,15
Republic of Korea,24.71910112,2017.08,22.15909091,14
Republic of Korea,25.1396648,2017.15,24.71910112,13
Republic of Korea,24.86187845,2017.23,25.1396648,12
Republic of Korea,26.92307692,2017.31,24.86187845,10
Republic of Korea,27.7173913,2017.38,26.92307692,10
Republic of Korea,29.72972973,2017.46,27.7173913,8
Republic of Korea,31.1827957,2017.54,29.72972973,7
Republic of Korea,33.15508021,2017.62,31.1827957,6
Republic of Korea,31.91489362,2017.69,33.15508021,7
Republic of Korea,33.15789474,2017.77,31.91489362,7
Republic of Korea,31.41361257,2017.85,33.15789474,7
Republic of Korea,30.56994819,2017.92,31.41361257,7
Republic of Korea,26.02040816,2018.08,30.56994819,12
Republic of Korea,25.6281407,2018.15,26.02040816,12
Republic of Korea,26.23762376,2018.23,25.6281407,13
Republic of Korea,24.3902439,2018.31,26.23762376,14
Republic of Korea,27.40384615,2018.38,24.3902439,12
Republic of Korea,27.01421801,2018.46,27.40384615,13
Republic of Korea,26.04651163,2018.54,27.01421801,13
Republic of Korea,24.20091324,2018.62,26.04651163,15
Republic of Korea,24.32432432,2018.69,24.20091324,15
Republic of Korea,22.90748899,2018.77,24.32432432,15
Republic of Korea,24.67532468,2018.85,22.90748899,14
Republic of Korea,25.84745763,2018.92,24.67532468,13
Republic of Korea,26.66666667,2019.08,25.84745763,13
Republic of Korea,25,2019.15,26.66666667,14
Republic of Korea,30.36437247,2019.23,25,9
Republic of Korea,32.53012048,2019.31,30.36437247,8
Republic of Korea,30.95238095,2019.38,32.53012048,7
Macao SAR-China,34.7826087,2014.08,37.6344086,5
Macao SAR-China,30.43478261,2014.15,34.7826087,10
Macao SAR-China,30.43478261,2014.23,30.43478261,10
Macao SAR-China,30.43478261,2014.31,30.43478261,9
Macao SAR-China,26.88172043,2014.38,30.43478261,14
Macao SAR-China,25.80645161,2014.46,26.88172043,15
Macao SAR-China,25.53191489,2014.54,25.80645161,15
Macao SAR-China,25.53191489,2014.62,25.53191489,12
Macao SAR-China,28.72340426,2014.69,25.53191489,10
Macao SAR-China,29.78723404,2014.77,28.72340426,8
Macao SAR-China,32.63157895,2014.85,29.78723404,8
Macao SAR-China,38.94736842,2014.92,32.63157895,4
Macao SAR-China,38.94736842,2015.08,38.94736842,5
Macao SAR-China,38.54166667,2015.15,38.94736842,4
Macao SAR-China,37.5,2015.23,38.54166667,5
Macao SAR-China,38.54166667,2015.31,37.5,5
Macao SAR-China,36.08247423,2015.38,38.54166667,7
Macao SAR-China,39.58333333,2015.46,36.08247423,6
Macao SAR-China,39.58333333,2015.54,39.58333333,6
Macao SAR-China,40.20618557,2015.62,39.58333333,6
Macao SAR-China,39.17525773,2015.69,40.20618557,7
Macao SAR-China,40.20618557,2015.77,39.17525773,4
Macao SAR-China,36.73469388,2015.85,40.20618557,6
Macao SAR-China,32.65306122,2015.92,36.73469388,6
Macao SAR-China,33.33333333,2016.08,32.65306122,6
Macao SAR-China,35,2016.15,33.33333333,6
Macao SAR-China,33.66336634,2016.23,35,6
Macao SAR-China,32.03883495,2016.31,33.66336634,7
Macao SAR-China,31.73076923,2016.38,32.03883495,7
Macao SAR-China,30.18867925,2016.46,31.73076923,8
Macao SAR-China,33.33333333,2016.54,30.18867925,7
Macao SAR-China,32.11009174,2016.62,33.33333333,8
Macao SAR-China,33.63636364,2016.69,32.11009174,7
Macao SAR-China,30.63063063,2016.77,33.63636364,7
Macao SAR-China,28.57142857,2016.85,30.63063063,10
Macao SAR-China,27.19298246,2016.92,28.57142857,12
Macao SAR-China,23.93162393,2017.08,27.19298246,15
Macao SAR-China,21.8487395,2017.15,23.93162393,15
Macao SAR-China,21.48760331,2017.23,21.8487395,15
Macao SAR-China,21.95121951,2017.31,21.48760331,14
Macao SAR-China,22.58064516,2017.38,21.95121951,14
Macao SAR-China,22.22222222,2017.46,22.58064516,14
Macao SAR-China,18.11023622,2017.54,22.22222222,15
Macao SAR-China,15.50387597,2017.62,18.11023622,16
Macao SAR-China,14.50381679,2017.69,15.50387597,16
Macao SAR-China,17.42424242,2017.77,14.50381679,16
Macao SAR-China,17.91044776,2017.85,17.42424242,14
Macao SAR-China,18.65671642,2017.92,17.91044776,15
Macao SAR-China,28.35820896,2018.08,18.65671642,9
Macao SAR-China,27.40740741,2018.15,28.35820896,10
Macao SAR-China,30.37037037,2018.23,27.40740741,7
Macao SAR-China,32.35294118,2018.31,30.37037037,7
Macao SAR-China,31.61764706,2018.38,32.35294118,8
Macao SAR-China,32.84671533,2018.46,31.61764706,9
Macao SAR-China,33.33333333,2018.54,32.84671533,7
Macao SAR-China,36.23188406,2018.62,33.33333333,7
Macao SAR-China,44.20289855,2018.69,36.23188406,3
Macao SAR-China,41.60583942,2018.77,44.20289855,3
Macao SAR-China,43.38235294,2018.85,41.60583942,3
Macao SAR-China,45.18518519,2018.92,43.38235294,3
Macao SAR-China,35.07462687,2019.08,45.18518519,7
Macao SAR-China,38.63636364,2019.15,35.07462687,4
Macao SAR-China,35.11450382,2019.23,38.63636364,5
Macao SAR-China,32.55813953,2019.31,35.11450382,7
Macao SAR-China,32.53968254,2019.38,32.55813953,6
Malaysia,28.79746835,2014.08,26.28205128,14
Malaysia,28.97196262,2014.15,28.79746835,14
Malaysia,28.92307692,2014.23,28.97196262,13
Malaysia,30.09118541,2014.31,28.92307692,10
Malaysia,29.04191617,2014.38,30.09118541,9
Malaysia,25.95870206,2014.46,29.04191617,14
Malaysia,25.58139535,2014.54,25.95870206,14
Malaysia,24.06876791,2014.62,25.58139535,14
Malaysia,26.13636364,2014.69,24.06876791,12
Malaysia,26.05042017,2014.77,26.13636364,13
Malaysia,27.5,2014.85,26.05042017,12
Malaysia,27.67123288,2014.92,27.5,12
Malaysia,27.56756757,2015.08,27.67123288,14
Malaysia,27.5862069,2015.15,27.56756757,13
Malaysia,28.45953003,2015.23,27.5862069,11
Malaysia,25.76530612,2015.31,28.45953003,14
Malaysia,25.93516209,2015.38,25.76530612,13
Malaysia,26.65036675,2015.46,25.93516209,13
Malaysia,25.95238095,2015.54,26.65036675,13
Malaysia,26.21809745,2015.62,25.95238095,14
Malaysia,24.15349887,2015.69,26.21809745,14
Malaysia,24.94481236,2015.77,24.15349887,15
Malaysia,23.75809935,2015.85,24.94481236,13
Malaysia,23.72881356,2015.92,23.75809935,13
Malaysia,23.33333333,2016.08,23.72881356,15
Malaysia,24.18032787,2016.15,23.33333333,15
Malaysia,24.04040404,2016.23,24.18032787,15
Malaysia,25.5489022,2016.31,24.04040404,15
Malaysia,27.47035573,2016.38,25.5489022,11
Malaysia,27.39726027,2016.46,27.47035573,11
Malaysia,28.34951456,2016.54,27.39726027,11
Malaysia,27.74566474,2016.62,28.34951456,11
Malaysia,26.76864245,2016.69,27.74566474,12
Malaysia,26.5654649,2016.77,26.76864245,13
Malaysia,27.68361582,2016.85,26.5654649,12
Malaysia,26.54205607,2016.92,27.68361582,14
Malaysia,25.23191095,2017.08,26.54205607,13
Malaysia,23.71323529,2017.15,25.23191095,14
Malaysia,23.76599634,2017.23,23.71323529,14
Malaysia,21.92028986,2017.31,23.76599634,15
Malaysia,19.60431655,2017.38,21.92028986,15
Malaysia,19.46428571,2017.46,19.60431655,15
Malaysia,19.36056838,2017.54,19.46428571,14
Malaysia,19.25795053,2017.62,19.36056838,14
Malaysia,19.01408451,2017.69,19.25795053,15
Malaysia,17.86339755,2017.77,19.01408451,15
Malaysia,17.1875,2017.85,17.86339755,15
Malaysia,18.93287435,2017.92,17.1875,14
Malaysia,20.98976109,2018.08,18.93287435,15
Malaysia,20.30456853,2018.15,20.98976109,15
Malaysia,20.93802345,2018.23,20.30456853,15
Malaysia,22.18543046,2018.31,20.93802345,15
Malaysia,22.78688525,2018.38,22.18543046,15
Malaysia,22.16828479,2018.46,22.78688525,15
Malaysia,22.4,2018.54,22.16828479,15
Malaysia,24.76190476,2018.62,22.4,14
Malaysia,25.43171115,2018.69,24.76190476,14
Malaysia,25.46583851,2018.77,25.43171115,13
Malaysia,25.26964561,2018.85,25.46583851,13
Malaysia,25.84097859,2018.92,25.26964561,14
Malaysia,24.09090909,2019.08,25.84097859,14
Malaysia,25.11278195,2019.15,24.09090909,13
Malaysia,24.96263079,2019.23,25.11278195,14
Malaysia,24.51708767,2019.31,24.96263079,14
Malaysia,23.07692308,2019.38,24.51708767,15
Mauritius,0,2016.92,NULL,18
Mauritius,0,2017.08,0,18
Mauritius,0,2017.15,0,18
Mauritius,0,2017.23,0,18
Mauritius,0,2017.31,0,18
Mauritius,0,2017.38,0,18
Mauritius,0,2017.46,0,18
Mauritius,0,2017.54,0,18
Mauritius,0,2017.62,0,18
Mauritius,0,2017.69,0,18
Mauritius,0,2017.77,0,18
Mauritius,0,2017.85,0,18
Mauritius,0,2017.92,0,18
Mauritius,0,2018.08,0,18
Mauritius,0,2018.15,0,18
Mauritius,0,2018.23,0,18
Mauritius,0,2018.31,0,18
Mauritius,0,2018.38,0,18
Mauritius,0,2018.46,0,18
Mauritius,0,2018.54,0,18
Mauritius,0,2018.62,0,18
Mauritius,0,2018.69,0,17
Mauritius,0,2018.77,0,18
Mauritius,0,2018.85,0,19
Mauritius,0,2018.92,0,19
Mauritius,0,2019.08,0,19
Mauritius,0,2019.15,0,19
Mauritius,0,2019.23,0,19
Mauritius,0,2019.31,0,19
Mauritius,0,2019.38,0,19
New Zealand,45.20547945,2014.08,45.13888889,2
New Zealand,47.2972973,2014.15,45.20547945,1
New Zealand,47.65100671,2014.23,47.2972973,1
New Zealand,40.13157895,2014.31,47.65100671,3
New Zealand,40,2014.38,40.13157895,3
New Zealand,39.24050633,2014.46,40,3
New Zealand,35.40372671,2014.54,39.24050633,4
New Zealand,37.19512195,2014.62,35.40372671,4
New Zealand,36.14457831,2014.69,37.19512195,5
New Zealand,36.9047619,2014.77,36.14457831,5
New Zealand,37.64705882,2014.85,36.9047619,5
New Zealand,36.84210526,2014.92,37.64705882,6
New Zealand,38.95348837,2015.08,36.84210526,4
New Zealand,36.20689655,2015.15,38.95348837,7
New Zealand,35.42857143,2015.23,36.20689655,7
New Zealand,37.5,2015.31,35.42857143,7
New Zealand,38.06818182,2015.38,37.5,6
New Zealand,41.8079096,2015.46,38.06818182,4
New Zealand,46.32768362,2015.54,41.8079096,3
New Zealand,48.02259887,2015.62,46.32768362,2
New Zealand,49.43181818,2015.69,48.02259887,2
New Zealand,50.85714286,2015.77,49.43181818,2
New Zealand,50.85714286,2015.85,50.85714286,2
New Zealand,54.02298851,2015.92,50.85714286,2
New Zealand,52.02312139,2016.08,54.02298851,1
New Zealand,53.48837209,2016.15,52.02312139,1
New Zealand,55.55555556,2016.23,53.48837209,1
New Zealand,54.11764706,2016.31,55.55555556,1
New Zealand,50.58823529,2016.38,54.11764706,1
New Zealand,45.88235294,2016.46,50.58823529,1
New Zealand,43.85964912,2016.54,45.88235294,1
New Zealand,49.12280702,2016.62,43.85964912,1
New Zealand,47.95321637,2016.69,49.12280702,1
New Zealand,47.95321637,2016.77,47.95321637,1
New Zealand,49.12280702,2016.85,47.95321637,1
New Zealand,49.70760234,2016.92,49.12280702,1
New Zealand,47.95321637,2017.08,49.70760234,1
New Zealand,50,2017.15,47.95321637,1
New Zealand,47.64705882,2017.23,50,1
New Zealand,50.58823529,2017.31,47.64705882,1
New Zealand,49.41176471,2017.38,50.58823529,1
New Zealand,47.92899408,2017.46,49.41176471,2
New Zealand,50.29585799,2017.54,47.92899408,2
New Zealand,43.19526627,2017.62,50.29585799,2
New Zealand,46.15384615,2017.69,43.19526627,2
New Zealand,44.9704142,2017.77,46.15384615,2
New Zealand,44.9704142,2017.85,44.9704142,2
New Zealand,45.83333333,2017.92,44.9704142,2
New Zealand,46.42857143,2018.08,45.83333333,2
New Zealand,44.64285714,2018.15,46.42857143,2
New Zealand,48.50299401,2018.23,44.64285714,2
New Zealand,46.38554217,2018.31,48.50299401,2
New Zealand,48.79518072,2018.38,46.38554217,2
New Zealand,57.57575758,2018.46,48.79518072,2
New Zealand,63.58024691,2018.54,57.57575758,1
New Zealand,62.5,2018.62,63.58024691,1
New Zealand,59.74842767,2018.69,62.5,1
New Zealand,61.14649682,2018.77,59.74842767,1
New Zealand,60.64516129,2018.85,61.14649682,2
New Zealand,61.03896104,2018.92,60.64516129,2
New Zealand,60.52631579,2019.08,61.03896104,2
New Zealand,61.58940397,2019.15,60.52631579,2
New Zealand,59.33333333,2019.23,61.58940397,2
New Zealand,59.06040268,2019.31,59.33333333,2
New Zealand,60.54421769,2019.38,59.06040268,1
Papua New Guinea,0,2017.08,NULL,18
Papua New Guinea,0,2017.15,0,18
Papua New Guinea,0,2017.23,0,18
Papua New Guinea,0,2017.31,0,18
Papua New Guinea,0,2017.38,0,18
Papua New Guinea,0,2017.46,0,18
Papua New Guinea,0,2017.54,0,18
Papua New Guinea,0,2017.62,0,18
Papua New Guinea,0,2017.69,0,18
Papua New Guinea,0,2017.77,0,18
Papua New Guinea,0,2017.85,0,18
Papua New Guinea,0,2017.92,0,18
Papua New Guinea,0,2018.08,0,18
Papua New Guinea,0,2018.15,0,18
Papua New Guinea,0,2018.23,0,18
Papua New Guinea,0,2018.31,0,18
Papua New Guinea,0,2018.38,0,18
Papua New Guinea,0,2018.46,0,18
Papua New Guinea,0,2018.54,0,18
Papua New Guinea,0,2018.62,0,18
Papua New Guinea,0,2018.69,0,17
Papua New Guinea,0,2018.77,0,18
Papua New Guinea,3.225806452,2018.85,0,18
Papua New Guinea,3.125,2018.92,3.225806452,18
Papua New Guinea,3.125,2019.08,3.125,18
Papua New Guinea,6.25,2019.15,3.125,18
Papua New Guinea,6.25,2019.23,6.25,18
Papua New Guinea,12.5,2019.31,6.25,18
Papua New Guinea,15.625,2019.38,12.5,18
Philippines,28.78151261,2014.08,27.25321888,15
Philippines,29.15811088,2014.15,28.78151261,12
Philippines,29.05811623,2014.23,29.15811088,12
Philippines,27.9296875,2014.31,29.05811623,15
Philippines,28,2014.38,27.9296875,12
Philippines,30.2238806,2014.46,28,7
Philippines,32.53676471,2014.54,30.2238806,6
Philippines,35.70127505,2014.62,32.53676471,5
Philippines,38,2014.69,35.70127505,4
Philippines,39.09090909,2014.77,38,4
Philippines,38.18181818,2014.85,39.09090909,4
Philippines,38.25136612,2014.92,38.18181818,5
Philippines,36.90909091,2015.08,38.25136612,8
Philippines,37.09090909,2015.15,36.90909091,6
Philippines,37.27272727,2015.23,37.09090909,6
Philippines,37.97468354,2015.31,37.27272727,6
Philippines,41.04882459,2015.38,37.97468354,4
Philippines,39.45945946,2015.46,41.04882459,7
Philippines,39.20863309,2015.54,39.45945946,7
Philippines,36.85152057,2015.62,39.20863309,7
Philippines,39.28571429,2015.69,36.85152057,6
Philippines,39.85765125,2015.77,39.28571429,7
Philippines,39.50617284,2015.85,39.85765125,4
Philippines,39.51048951,2015.92,39.50617284,5
Philippines,41.14583333,2016.08,39.51048951,4
Philippines,41.65232358,2016.15,41.14583333,4
Philippines,42.39316239,2016.23,41.65232358,4
Philippines,41.66666667,2016.31,42.39316239,4
Philippines,39.76311337,2016.38,41.66666667,4
Philippines,39.73063973,2016.46,39.76311337,3
Philippines,35.77371048,2016.54,39.73063973,4
Philippines,34.92586491,2016.62,35.77371048,5
Philippines,31.98051948,2016.69,34.92586491,8
Philippines,29.87220447,2016.77,31.98051948,8
Philippines,28.81889764,2016.85,29.87220447,9
Philippines,27.90697674,2016.92,28.81889764,10
Philippines,27.06422018,2017.08,27.90697674,11
Philippines,25.90361446,2017.15,27.06422018,12
Philippines,24.81426449,2017.23,25.90361446,13
Philippines,24.08223201,2017.31,24.81426449,13
Philippines,23.29956585,2017.38,24.08223201,13
Philippines,22.79202279,2017.46,23.29956585,13
Philippines,24.61322082,2017.54,22.79202279,12
Philippines,24.93074792,2017.62,24.61322082,11
Philippines,25.27322404,2017.69,24.93074792,11
Philippines,26.14555256,2017.77,25.27322404,11
Philippines,26.42762284,2017.85,26.14555256,12
Philippines,26.96335079,2017.92,26.42762284,11
Philippines,26.80412371,2018.08,26.96335079,10
Philippines,27.72151899,2018.15,26.80412371,9
Philippines,27.45341615,2018.23,27.72151899,10
Philippines,27.15151515,2018.31,27.45341615,12
Philippines,27.62691854,2018.38,27.15151515,10
Philippines,27.75229358,2018.46,27.62691854,12
Philippines,27.5862069,2018.54,27.75229358,11
Philippines,26.07296137,2018.62,27.5862069,12
Philippines,25.53846154,2018.69,26.07296137,12
Philippines,24.90196078,2018.77,25.53846154,14
Philippines,23.66197183,2018.85,24.90196078,15
Philippines,23.62488729,2018.92,23.66197183,15
Philippines,23.15698179,2019.08,23.62488729,15
Philippines,22.59414226,2019.15,23.15698179,15
Philippines,21.79176755,2019.23,22.59414226,15
Philippines,21.83098592,2019.31,21.79176755,15
Philippines,20.8365019,2019.38,21.83098592,16
Singapore,33.02687412,2014.08,31.86657204,7
Singapore,31.69014085,2014.15,33.02687412,8
Singapore,31.18881119,2014.23,31.69014085,9
Singapore,31.70731707,2014.31,31.18881119,7
Singapore,31.78025035,2014.38,31.70731707,5
Singapore,31.02012491,2014.46,31.78025035,6
Singapore,31.71745152,2014.54,31.02012491,7
Singapore,30.84886128,2014.62,31.71745152,7
Singapore,30.62629043,2014.69,30.84886128,7
Singapore,36.89655172,2014.77,30.62629043,6
Singapore,42.73801251,2014.85,36.89655172,2
Singapore,44.98245614,2014.92,42.73801251,2
Singapore,43.07909605,2015.08,44.98245614,2
Singapore,43.02987198,2015.15,43.07909605,2
Singapore,44.29289304,2015.23,43.02987198,2
Singapore,43.904209,2015.31,44.29289304,2
Singapore,44.75421864,2015.38,43.904209,2
Singapore,45.6231454,2015.46,44.75421864,3
Singapore,46.32683658,2015.54,45.6231454,4
Singapore,47.76006074,2015.62,46.32683658,3
Singapore,47.65924789,2015.69,47.76006074,3
Singapore,39.98459168,2015.77,47.65924789,6
Singapore,33.92307692,2015.85,39.98459168,7
Singapore,32.36196319,2015.92,33.92307692,7
Singapore,29.54198473,2016.08,32.36196319,8
Singapore,29.86322188,2016.15,29.54198473,8
Singapore,28.70090634,2016.23,29.86322188,9
Singapore,30.60150376,2016.31,28.70090634,8
Singapore,30.23952096,2016.38,30.60150376,8
Singapore,29.65722802,2016.46,30.23952096,9
Singapore,29.9925761,2016.54,29.65722802,9
Singapore,28.17109145,2016.62,29.9925761,10
Singapore,29.3901543,2016.69,28.17109145,9
Singapore,28.89539137,2016.77,29.3901543,9
Singapore,28.07272727,2016.85,28.89539137,11
Singapore,28.12725958,2016.92,28.07272727,9
Singapore,26.92031587,2017.08,28.12725958,12
Singapore,26.90935046,2017.15,26.92031587,11
Singapore,26.77053824,2017.23,26.90935046,10
Singapore,25.36893886,2017.31,26.77053824,12
Singapore,25.8356546,2017.38,25.36893886,11
Singapore,25.03448276,2017.46,25.8356546,12
Singapore,24.18032787,2017.54,25.03448276,13
Singapore,24.89823609,2017.62,24.18032787,12
Singapore,24.64646465,2017.69,24.89823609,13
Singapore,25.63587684,2017.77,24.64646465,12
Singapore,26.63115846,2017.85,25.63587684,11
Singapore,26.14162806,2017.92,26.63115846,12
Singapore,26.38157895,2018.08,26.14162806,11
Singapore,27.22513089,2018.15,26.38157895,11
Singapore,27.06571243,2018.23,27.22513089,11
Singapore,27.70226537,2018.31,27.06571243,10
Singapore,27.40167634,2018.38,27.70226537,13
Singapore,28.6448298,2018.46,27.40167634,10
Singapore,28.64450128,2018.54,28.6448298,9
Singapore,28.32590707,2018.62,28.64450128,10
Singapore,28.18239392,2018.69,28.32590707,10
Singapore,27.15816005,2018.77,28.18239392,10
Singapore,27.3354232,2018.85,27.15816005,10
Singapore,28,2018.92,27.3354232,10
Singapore,28.17955112,2019.08,28,10
Singapore,27.54975124,2019.15,28.17955112,10
Singapore,28.37585563,2019.23,27.54975124,12
Singapore,27.38021157,2019.31,28.37585563,12
Singapore,27.38021157,2019.38,27.38021157,11
Sri Lanka,38.23529412,2014.08,36.66666667,4
Sri Lanka,37.83783784,2014.15,38.23529412,4
Sri Lanka,39.02439024,2014.23,37.83783784,4
Sri Lanka,37.77777778,2014.31,39.02439024,4
Sri Lanka,39.58333333,2014.38,37.77777778,4
Sri Lanka,34,2014.46,39.58333333,4
Sri Lanka,42.30769231,2014.54,34,2
Sri Lanka,46.2962963,2014.62,42.30769231,1
Sri Lanka,44.64285714,2014.69,46.2962963,2
Sri Lanka,43.10344828,2014.77,44.64285714,2
Sri Lanka,36.66666667,2014.85,43.10344828,6
Sri Lanka,32.25806452,2014.92,36.66666667,8
Sri Lanka,37.5,2015.08,32.25806452,6
Sri Lanka,37.31343284,2015.15,37.5,5
Sri Lanka,39.13043478,2015.23,37.31343284,4
Sri Lanka,40.84507042,2015.31,39.13043478,4
Sri Lanka,44.44444444,2015.38,40.84507042,3
Sri Lanka,59.72222222,2015.46,44.44444444,1
Sri Lanka,56.16438356,2015.54,59.72222222,1
Sri Lanka,56.75675676,2015.62,56.16438356,1
Sri Lanka,57.33333333,2015.69,56.75675676,1
Sri Lanka,58.44155844,2015.77,57.33333333,1
Sri Lanka,60.75949367,2015.85,58.44155844,1
Sri Lanka,58.02469136,2015.92,60.75949367,1
Sri Lanka,48.80952381,2016.08,58.02469136,2
Sri Lanka,50.58823529,2016.15,48.80952381,2
Sri Lanka,44.31818182,2016.23,50.58823529,2
Sri Lanka,46.06741573,2016.31,44.31818182,2
Sri Lanka,45.05494505,2016.38,46.06741573,2
Sri Lanka,32.9787234,2016.46,45.05494505,6
Sri Lanka,35.41666667,2016.54,32.9787234,5
Sri Lanka,35.05154639,2016.62,35.41666667,4
Sri Lanka,34.34343434,2016.69,35.05154639,5
Sri Lanka,34.34343434,2016.77,34.34343434,5
Sri Lanka,36.36363636,2016.85,34.34343434,3
Sri Lanka,40.4040404,2016.92,36.36363636,3
Sri Lanka,42.85714286,2017.08,40.4040404,2
Sri Lanka,38.7755102,2017.15,42.85714286,3
Sri Lanka,39.39393939,2017.23,38.7755102,3
Sri Lanka,41.41414141,2017.31,39.39393939,2
Sri Lanka,39,2017.38,41.41414141,3
Sri Lanka,60,2017.46,39,1
Sri Lanka,59,2017.54,60,1
Sri Lanka,67,2017.62,59,1
Sri Lanka,69.30693069,2017.69,67,1
Sri Lanka,74.25742574,2017.77,69.30693069,1
Sri Lanka,72.54901961,2017.85,74.25742574,1
Sri Lanka,70.87378641,2017.92,72.54901961,1
Sri Lanka,75,2018.08,70.87378641,1
Sri Lanka,76.41509434,2018.15,75,1
Sri Lanka,80.37383178,2018.23,76.41509434,1
Sri Lanka,75.92592593,2018.31,80.37383178,1
Sri Lanka,80.73394495,2018.38,75.92592593,1
Sri Lanka,62.72727273,2018.46,80.73394495,1
Sri Lanka,61.0619469,2018.54,62.72727273,2
Sri Lanka,58.97435897,2018.62,61.0619469,2
Sri Lanka,59.50413223,2018.69,58.97435897,2
Sri Lanka,56.8,2018.77,59.50413223,2
Sri Lanka,61.24031008,2018.85,56.8,1
Sri Lanka,65.15151515,2018.92,61.24031008,1
Sri Lanka,63.7037037,2019.08,65.15151515,1
Sri Lanka,63.76811594,2019.15,63.7037037,1
Sri Lanka,62.14285714,2019.23,63.76811594,1
Sri Lanka,62.93706294,2019.31,62.14285714,1
Sri Lanka,59.31034483,2019.38,62.93706294,2
Taiwan,33.75,2014.08,35.56485356,6
Taiwan,33.60995851,2014.15,33.75,5
Taiwan,35.95041322,2014.23,33.60995851,5
Taiwan,32.37704918,2014.31,35.95041322,6
Taiwan,31.02040816,2014.38,32.37704918,6
Taiwan,31.70731707,2014.46,31.02040816,5
Taiwan,32.79352227,2014.54,31.70731707,5
Taiwan,34.41295547,2014.62,32.79352227,6
Taiwan,36.03238866,2014.69,34.41295547,6
Taiwan,33.60323887,2014.77,36.03238866,7
Taiwan,33.87096774,2014.85,33.60323887,7
Taiwan,34.67741935,2014.92,33.87096774,7
Taiwan,37.5,2015.08,34.67741935,6
Taiwan,34.81781377,2015.15,37.5,8
Taiwan,28.62903226,2015.23,34.81781377,10
Taiwan,29.83870968,2015.31,28.62903226,9
Taiwan,31.98380567,2015.38,29.83870968,8
Taiwan,31.30081301,2015.46,31.98380567,10
Taiwan,28.97959184,2015.54,31.30081301,11
Taiwan,27.45901639,2015.62,28.97959184,13
Taiwan,25.81967213,2015.69,27.45901639,13
Taiwan,25.51440329,2015.77,25.81967213,14
Taiwan,23.45679012,2015.85,25.51440329,15
Taiwan,21.31147541,2015.92,23.45679012,15
Taiwan,27.75510204,2016.08,21.31147541,11
Taiwan,27.75510204,2016.15,27.75510204,12
Taiwan,30.20408163,2016.23,27.75510204,8
Taiwan,29.79591837,2016.31,30.20408163,9
Taiwan,27.75510204,2016.38,29.79591837,10
Taiwan,30.20408163,2016.46,27.75510204,7
Taiwan,31.83673469,2016.54,30.20408163,8
Taiwan,33.06122449,2016.62,31.83673469,7
Taiwan,34.83606557,2016.69,33.06122449,3
Taiwan,34.42622951,2016.77,34.83606557,4
Taiwan,35.3909465,2016.85,34.42622951,4
Taiwan,36.09958506,2016.92,35.3909465,4
Taiwan,27.91666667,2017.08,36.09958506,9
Taiwan,29.70711297,2017.15,27.91666667,9
Taiwan,28.87029289,2017.23,29.70711297,9
Taiwan,28.87029289,2017.31,28.87029289,9
Taiwan,29.70711297,2017.38,28.87029289,8
Taiwan,27.91666667,2017.46,29.70711297,10
Taiwan,26.85950413,2017.54,27.91666667,10
Taiwan,27.04918033,2017.62,26.85950413,10
Taiwan,26.72064777,2017.69,27.04918033,10
Taiwan,27.09163347,2017.77,26.72064777,10
Taiwan,27.45098039,2017.85,27.09163347,10
Taiwan,29.11877395,2017.92,27.45098039,9
Taiwan,29.58801498,2018.08,29.11877395,7
Taiwan,28.46715328,2018.15,29.58801498,8
Taiwan,28.82562278,2018.23,28.46715328,9
Taiwan,30,2018.31,28.82562278,8
Taiwan,33.22147651,2018.38,30,7
Taiwan,36.15635179,2018.46,33.22147651,6
Taiwan,37.97468354,2018.54,36.15635179,6
Taiwan,37.84615385,2018.62,37.97468354,6
Taiwan,35.52238806,2018.69,37.84615385,6
Taiwan,35.46511628,2018.77,35.52238806,6
Taiwan,35.51136364,2018.85,35.46511628,6
Taiwan,38.82681564,2018.92,35.51136364,5
Taiwan,36.81318681,2019.08,38.82681564,5
Taiwan,40,2019.15,36.81318681,3
Taiwan,38.93333333,2019.23,40,3
Taiwan,38.15789474,2019.31,38.93333333,3
Taiwan,34.28571429,2019.38,38.15789474,5
Thailand,48.02091113,2014.08,48.61630516,1
Thailand,47.08955224,2014.15,48.02091113,2
Thailand,45.04839911,2014.23,47.08955224,2
Thailand,42.9844098,2014.31,45.04839911,1
Thailand,42.01183432,2014.38,42.9844098,2
Thailand,40.13254786,2014.46,42.01183432,2
Thailand,41.30594277,2014.54,40.13254786,3
Thailand,42.31332357,2014.62,41.30594277,3
Thailand,42.90935673,2014.69,42.31332357,3
Thailand,42.99270073,2014.77,42.90935673,3
Thailand,42.50363901,2014.85,42.99270073,3
Thailand,41.83006536,2014.92,42.50363901,3
Thailand,42.71211022,2015.08,41.83006536,3
Thailand,42.38267148,2015.15,42.71211022,3
Thailand,41.48094896,2015.23,42.38267148,3
Thailand,41.4756447,2015.31,41.48094896,3
Thailand,40.55595153,2015.38,41.4756447,5
Thailand,41.32290185,2015.46,40.55595153,5
Thailand,40.73811214,2015.54,41.32290185,5
Thailand,40.52519517,2015.62,40.73811214,5
Thailand,40.7249467,2015.69,40.52519517,5
Thailand,40.05702067,2015.77,40.7249467,5
Thailand,39.48497854,2015.85,40.05702067,5
Thailand,39.62670495,2015.92,39.48497854,4
Thailand,38.90489914,2016.08,39.62670495,5
Thailand,38.77256318,2016.15,38.90489914,5
Thailand,40.07246377,2016.23,38.77256318,5
Thailand,38.44476744,2016.31,40.07246377,5
Thailand,37.68221574,2016.38,38.44476744,5
Thailand,37.53644315,2016.46,37.68221574,4
Thailand,36.99127907,2016.54,37.53644315,3
Thailand,35.33236994,2016.62,36.99127907,3
Thailand,34.57142857,2016.69,35.33236994,4
Thailand,34.69675599,2016.77,34.57142857,3
Thailand,34.58594294,2016.85,34.69675599,5
Thailand,34.79752917,2016.92,34.58594294,5
Thailand,35.00338524,2017.08,34.79752917,4
Thailand,34.13493654,2017.15,35.00338524,5
Thailand,32.93807642,2017.23,34.13493654,5
Thailand,33.39831059,2017.31,32.93807642,5
Thailand,34.59563543,2017.38,33.39831059,5
Thailand,34.30749682,2017.46,34.59563543,5
Thailand,38.24273072,2017.54,34.30749682,4
Thailand,37.2327044,2017.62,38.24273072,5
Thailand,36.93467337,2017.69,37.2327044,6
Thailand,36.11809045,2017.77,36.93467337,5
Thailand,35.76367065,2017.85,36.11809045,5
Thailand,34.59119497,2017.92,35.76367065,5
Thailand,34.44584383,2018.08,34.59119497,6
Thailand,35.69172457,2018.15,34.44584383,5
Thailand,35.95933926,2018.23,35.69172457,6
Thailand,34.71601787,2018.31,35.95933926,6
Thailand,34.12443874,2018.38,34.71601787,6
Thailand,33.84912959,2018.46,34.12443874,7
Thailand,28.23984526,2018.54,33.84912959,10
Thailand,29.11555842,2018.62,28.23984526,9
Thailand,29.76113622,2018.69,29.11555842,9
Thailand,31.86813187,2018.77,29.76113622,9
Thailand,31.73884939,2018.85,31.86813187,9
Thailand,33.59223301,2018.92,31.73884939,8
Thailand,33.33333333,2019.08,33.59223301,8
Thailand,33.54964309,2019.15,33.33333333,8
Thailand,33.20363165,2019.23,33.54964309,7
Thailand,35.43153796,2019.31,33.20363165,5
Thailand,34.39325114,2019.38,35.43153796,4
Vietnam,31.11111111,2014.08,32.58426966,11
Vietnam,30.76923077,2014.15,31.11111111,9
Vietnam,33.69565217,2014.23,30.76923077,6
Vietnam,29.78723404,2014.31,33.69565217,11
Vietnam,28.42105263,2014.38,29.78723404,11
Vietnam,26.04166667,2014.46,28.42105263,13
Vietnam,26.53061224,2014.54,26.04166667,12
Vietnam,23.23232323,2014.62,26.53061224,15
Vietnam,22,2014.69,23.23232323,15
Vietnam,25.49019608,2014.77,22,14
Vietnam,25.24271845,2014.85,25.49019608,14
Vietnam,27.61904762,2014.92,25.24271845,13
Vietnam,28.30188679,2015.08,27.61904762,13
Vietnam,25.92592593,2015.15,28.30188679,14
Vietnam,23.63636364,2015.23,25.92592593,14
Vietnam,23.00884956,2015.31,23.63636364,15
Vietnam,25,2015.38,23.00884956,15
Vietnam,23.33333333,2015.46,25,15
Vietnam,24.3902439,2015.54,23.33333333,14
Vietnam,31.74603175,2015.62,24.3902439,9
Vietnam,34.10852713,2015.69,31.74603175,8
Vietnam,29.77099237,2015.77,34.10852713,10
Vietnam,29.85074627,2015.85,29.77099237,9
Vietnam,27.00729927,2015.92,29.85074627,10
Vietnam,28.05755396,2016.08,27.00729927,10
Vietnam,28.87323944,2016.15,28.05755396,10
Vietnam,28.27586207,2016.23,28.87323944,11
Vietnam,27.89115646,2016.31,28.27586207,11
Vietnam,27.02702703,2016.38,27.89115646,12
Vietnam,26.17449664,2016.46,27.02702703,13
Vietnam,26.49006623,2016.54,26.17449664,13
Vietnam,22.22222222,2016.62,26.49006623,15
Vietnam,21.65605096,2016.69,22.22222222,14
Vietnam,27.95031056,2016.77,21.65605096,11
Vietnam,30.3030303,2016.85,27.95031056,7
Vietnam,30.76923077,2016.92,30.3030303,7
Vietnam,30.05780347,2017.08,30.76923077,7
Vietnam,30.50847458,2017.15,30.05780347,6
Vietnam,29.67032967,2017.23,30.50847458,7
Vietnam,30.48128342,2017.31,29.67032967,7
Vietnam,31.25,2017.38,30.48128342,6
Vietnam,33.83838384,2017.46,31.25,6
Vietnam,32.51231527,2017.54,33.83838384,6
Vietnam,30.47619048,2017.62,32.51231527,8
Vietnam,37.85046729,2017.69,30.47619048,5
Vietnam,36.07305936,2017.77,37.85046729,6
Vietnam,33.92857143,2017.85,36.07305936,6
Vietnam,34.49781659,2017.92,33.92857143,6
Vietnam,35.31914894,2018.08,34.49781659,5
Vietnam,35,2018.15,35.31914894,6
Vietnam,38.7755102,2018.23,35,4
Vietnam,40.562249,2018.31,38.7755102,4
Vietnam,42.68774704,2018.38,40.562249,3
Vietnam,42.1875,2018.46,42.68774704,3
Vietnam,41.92307692,2018.54,42.1875,3
Vietnam,42.26415094,2018.62,41.92307692,3
Vietnam,35.27272727,2018.69,42.26415094,7
Vietnam,34.38596491,2018.77,35.27272727,7
Vietnam,32.77027027,2018.85,34.38596491,8
Vietnam,31.37254902,2018.92,32.77027027,9
Vietnam,29.74683544,2019.08,31.37254902,9
Vietnam,30.67484663,2019.15,29.74683544,9
Vietnam,29.16666667,2019.23,30.67484663,10
Vietnam,28.9017341,2019.31,29.16666667,10
Vietnam,28.01120448,2019.38,28.9017341,10
